{
    "data": [
        {
            "data": {
                "institute_topic_id": 100,
                "institution_id": "",
                "is_active": "",
                "name": "maths",
                "parent_topic_id": -1,
                "update_date": "2018-06-04"
            },
            "children": [
                {
                    "data": {
                        "institute_topic_id": 110,
                        "institution_id": "",
                        "is_active": "",
                        "name": "maths1",
                        "parent_topic_id": 100,
                        "update_date": "2018-06-04"
                    },
                    "children": [
                        {
                            "data": {
                                "institute_topic_id": 111,
                                "institution_id": "",
                                "is_active": "",
                                "name": "maths12",
                                "parent_topic_id": 110,
                                "update_date": "2018-06-04"
                            }
                        },
                        {
                            "data": {
                                "institute_topic_id": 111,
                                "institution_id": "",
                                "is_active": "",
                                "name": "maths10",
                                "parent_topic_id": 110,
                                "update_date": "2018-06-04"
                            }
                        }
                    ]
                },
                {
                    "data": {
                        "institute_topic_id": 120,
                        "institution_id": "",
                        "is_active": "",
                        "name": "maths2",
                        "parent_topic_id": 100,
                        "update_date": "2018-06-04"
                    },
                    "children": [
                        {
                            "data": {
                                "institute_topic_id": 111,
                                "institution_id": "",
                                "is_active": "",
                                "name": "maths28",
                                "parent_topic_id": 110,
                                "update_date": "2018-06-04"
                            }
                        },
                        {
                            "data": {
                                "institute_topic_id": 111,
                                "institution_id": "",
                                "is_active": "",
                                "name": "maths29",
                                "parent_topic_id": 110,
                                "update_date": "2018-06-04"
                            }
                        }
                    ]
                }
            ]
        },
        {
            "data": {
                "institute_topic_id": 200,
                "institution_id": "",
                "is_active": "",
                "name": "phy",
                "parent_topic_id": -1,
                "update_date": "2018-06-04"
            },
            "children": [
                {
                    "data": {
                        "institute_topic_id": 210,
                        "institution_id": "",
                        "is_active": "",
                        "name": "phy1",
                        "parent_topic_id": 200,
                        "update_date": "2018-06-04"
                    },
                    "children": [
                        {
                            "data": {
                                "institute_topic_id": 117,
                                "institution_id": "",
                                "is_active": "",
                                "name": "phy12",
                                "parent_topic_id": 210,
                                "update_date": "2018-06-04"
                            }
                        },
                        {
                            "data": {
                                "institute_topic_id": 116,
                                "institution_id": "",
                                "is_active": "",
                                "name": "phy13",
                                "parent_topic_id": 210,
                                "update_date": "2018-06-04"
                            }
                        }
                    ]
                },
                {
                    "data": {
                        "institute_topic_id": 220,
                        "institution_id": "",
                        "is_active": "",
                        "name": "phy2",
                        "parent_topic_id": 200,
                        "update_date": "2018-06-04"
                    },
                    "children": [
                        {
                            "data": {
                                "institute_topic_id": 211,
                                "institution_id": "",
                                "is_active": "",
                                "name": "phy22",
                                "parent_topic_id": 220,
                                "update_date": "2018-06-04"
                            }
                        },
                        {
                            "data": {
                                "institute_topic_id": 212,
                                "institution_id": "",
                                "is_active": "",
                                "name": "phy23",
                                "parent_topic_id": 220,
                                "update_date": "2018-06-04"
                            }
                        }
                    ]
                }
            ]
        }
        
    ]
}